Wavelength (nm),% Moisture Content,% Fat Content,% Protein Content,901.536745,905.42206,909.302883,913.179214,917.051054,922.206521,926.067882,929.924751,933.777128,937.625014,941.468409,945.307312,950.418863,954.247287,958.071219,961.89066,965.705609,969.516067,974.58969,978.389668,982.185155,985.97615,989.762654,993.544666,997.322187,1002.351895,1006.118936,1009.881486,1013.639544,1017.393111,1021.142186,1026.133967,1029.872563,1033.606667,1037.33628,1041.061401,1044.782031,1048.49817,1053.446035,1057.151693,1060.85286,1064.549536,1068.241721,1071.929414,1076.839352,1080.516565,1084.189287,1087.857517,1091.521256,1095.180504,1098.83526,1103.701281,1107.345558,1110.985343,1114.620636,1118.251438,1121.877749,1126.705844,1130.321674,1133.933014,1137.539862,1141.142218,1144.740084,1148.333458,1153.117636,1156.70053,1160.278933,1163.852844,1167.422264,1170.987192,1174.547629,1179.287892,1182.837849,1186.383314,1189.924289,1193.460772,1196.992763,1201.695098,1205.21661,1208.73363,1212.246159,1215.754196,1219.257742,1222.756797,1227.415216,1230.903791,1234.387874,1237.867466,1241.342567,1244.813176,1249.433668,1252.893797,1256.349435,1259.800582,1263.247237,1266.6894,1270.127073,1274.703649,1278.130841,1281.553542,1284.971752,1288.38547,1291.794697,1296.333346,1299.732093,1303.126348,1306.516112,1309.901385,1313.282166,1316.658456,1321.153189,1324.518999,1327.880318,1331.237145,1334.589481,1337.937325,1342.394131,1345.731495,1349.064369,1352.39275,1355.716641,1359.036039,1362.350947,1366.763837,1370.068265,1373.368201,1376.663646,1379.954599,1383.241061,1387.616024,1390.892006,1394.163497,1397.430496,1400.693004,1403.95102,1407.204546,1411.535592,1414.778638,1418.017192,1421.251254,1424.480825,1427.705905,1430.926493,1435.213624,1438.423732,1441.629349,1444.830475,1448.027109,1451.219252,1455.468456,1458.650118,1461.82729,1464.99997,1468.168159,1471.331856,1474.491062,1478.69635,1481.845076,1484.98931,1488.129053,1491.264305,1494.395066,1498.562426,1501.682707,1504.798496,1507.909794,1511.0166,1514.118915,1517.216738,1521.340183,1524.427527,1527.510379,1530.58874,1533.662609,1536.731987,1540.817505,1543.876403,1546.93081,1549.980725,1553.026149,1556.067081,1559.103523,1563.145124,1566.171085,1569.192555,1572.209534,1575.222021,1578.230016,1582.233691,1585.231206,1588.224231,1591.212764,1594.196805,1597.176356,1600.151414,1604.111173,1607.075752,1610.035839,1612.991435,1615.94254,1618.889153,1621.831275,1625.747118,1628.67876,1631.60591,1634.52857,1637.446737,1640.360414,1644.238329,1647.141526,1650.040231,1652.934444,1655.824167,1658.709398,1661.590137,1665.424137,1668.294396,1671.160164,1674.021441,1676.878227,1679.730521,1683.526593,1686.368407,1689.20573,1692.038561,1694.866901,1697.69075,1700.510107
S1_1,11.5,1,4.85,0.849984,0.837366,0.836882,0.849668,0.844768,0.840582,0.844612,0.844468,0.83677,0.840743,0.836654,0.834963,0.828609,0.827795,0.82205,0.821558,0.82254,0.820937,0.821978,0.819754,0.818947,0.819774,0.817304,0.815881,0.81189,0.814307,0.808771,0.806794,0.806033,0.804404,0.801639,0.802291,0.797911,0.797282,0.800245,0.795204,0.798071,0.79359,0.796151,0.793809,0.794198,0.796479,0.793102,0.793399,0.792755,0.793509,0.794063,0.789603,0.790779,0.789953,0.787838,0.789796,0.790342,0.791585,0.789282,0.790406,0.790427,0.791415,0.794324,0.792781,0.795558,0.798159,0.79808,0.80354,0.806096,0.807378,0.812804,0.813493,0.817839,0.820301,0.823499,0.825081,0.82514,0.833116,0.832098,0.836903,0.832876,0.835803,0.83887,0.837424,0.835306,0.834553,0.832077,0.829777,0.825713,0.823703,0.819362,0.818458,0.816692,0.813317,0.813635,0.811586,0.810254,0.809451,0.808291,0.807606,0.806435,0.805232,0.804687,0.804134,0.800769,0.802425,0.799546,0.800552,0.801456,0.800512,0.800073,0.800276,0.79989,0.798872,0.800697,0.802119,0.805,0.807463,0.809653,0.810058,0.815432,0.818067,0.822674,0.822739,0.827657,0.831807,0.835602,0.838301,0.841271,0.842747,0.847748,0.851627,0.85579,0.863321,0.871903,0.880055,0.888277,0.900447,0.910812,0.920182,0.939805,0.951728,0.965354,0.973465,0.982047,0.992262,0.999974,1.009379,1.013922,1.014708,1.018716,1.025272,1.029875,1.031953,1.029976,1.032074,1.030092,1.032742,1.034217,1.031391,1.031819,1.031151,1.032068,1.03167,1.028969,1.027286,1.02457,1.022868,1.020018,1.022842,1.018826,1.012057,1.017144,1.014382,1.014642,1.010931,1.009361,1.009942,1.007918,1.01065,1.006068,1.007117,1.001889,1.004598,1.00617,1.004136,1.002369,0.999363,0.999123,1.001065,0.999065,0.996251,0.992037,0.990372,0.993974,0.988218,0.984081,0.98059,0.978257,0.974471,0.975499,0.969365,0.974192,0.966795,0.961188,0.961392,0.950999,0.95992,0.943088,0.945059,0.94507,0.938446,0.931866,0.934311,0.926693,0.925172,0.925669,0.916954,0.90984,0.89723,0.886224,0.879541,0.858243,0.835336,0.817215,0.833317,0.826786,0.813812,0.840806,0.86793,0.8492,0.799669
S1_2,11.9,1,4.95,0.83362,0.835349,0.849576,0.850892,0.831226,0.843296,0.84468,0.841065,0.8458,0.838749,0.836275,0.831216,0.826514,0.826529,0.828259,0.824522,0.820612,0.820988,0.817912,0.818028,0.816277,0.817679,0.816572,0.811101,0.813545,0.810216,0.807737,0.809051,0.806213,0.803986,0.801829,0.797602,0.799311,0.796781,0.797949,0.797391,0.794692,0.793308,0.792454,0.794545,0.793773,0.790046,0.788983,0.791913,0.792282,0.792512,0.789318,0.791353,0.789976,0.789795,0.789904,0.789968,0.789706,0.790722,0.790586,0.788527,0.787741,0.789873,0.793158,0.789109,0.794809,0.794851,0.799746,0.801074,0.803545,0.808748,0.812558,0.812648,0.816249,0.820184,0.821822,0.826422,0.825357,0.827011,0.832328,0.834748,0.836579,0.834932,0.837276,0.835113,0.835796,0.832832,0.832311,0.828672,0.82593,0.82457,0.819888,0.819505,0.81708,0.815344,0.811176,0.811703,0.808549,0.809374,0.808876,0.805453,0.804977,0.803266,0.804905,0.804026,0.802154,0.799483,0.800284,0.797859,0.797554,0.798081,0.799426,0.798299,0.799344,0.79906,0.801145,0.802025,0.804414,0.806904,0.807444,0.81237,0.814759,0.816316,0.820247,0.822641,0.827894,0.831927,0.836698,0.837769,0.841638,0.843241,0.848084,0.849963,0.854896,0.863326,0.87002,0.880482,0.889234,0.901355,0.909374,0.924005,0.939779,0.951728,0.959194,0.969333,0.982118,0.989059,0.999076,1.005192,1.009936,1.01948,1.019574,1.024337,1.026727,1.027245,1.028404,1.031784,1.029594,1.034881,1.032786,1.031645,1.030654,1.02943,1.02994,1.027768,1.024708,1.027657,1.023266,1.02185,1.022947,1.01741,1.023521,1.021257,1.014867,1.014307,1.014728,1.013586,1.006282,1.006772,1.008185,1.007749,1.004939,1.004708,1.006474,1.00296,1.006083,0.999801,0.996885,1.002166,0.999938,0.994266,1.000085,0.999464,0.991258,0.99416,0.993683,0.984627,0.987542,0.977802,0.979234,0.971142,0.969302,0.970689,0.95839,0.966457,0.9576,0.952666,0.947723,0.949653,0.951911,0.943279,0.934974,0.934422,0.93664,0.93192,0.931839,0.920147,0.911754,0.909152,0.908594,0.902071,0.882629,0.856109,0.846038,0.829766,0.82009,0.812961,0.852464,0.784725,0.807902,0.829096,0.82852,0.79687
S1_3,12,1,5.2,0.844131,0.831484,0.83072,0.836365,0.83681,0.848194,0.84342,0.85654,0.842013,0.835326,0.83206,0.835574,0.825438,0.82874,0.821921,0.820217,0.826227,0.822365,0.818259,0.815884,0.820333,0.816065,0.816223,0.815744,0.813483,0.813842,0.80683,0.807885,0.804036,0.80378,0.803369,0.801639,0.799709,0.798279,0.799155,0.799046,0.796029,0.796442,0.794751,0.795434,0.791822,0.792472,0.790426,0.79132,0.790037,0.792657,0.790488,0.788874,0.791947,0.789269,0.790335,0.792361,0.788487,0.792007,0.788786,0.7911,0.789983,0.788681,0.791003,0.793337,0.794471,0.797641,0.796886,0.800037,0.80664,0.810643,0.811483,0.81653,0.814476,0.819755,0.818299,0.825467,0.825046,0.828091,0.832364,0.834641,0.836053,0.836698,0.838197,0.837711,0.837222,0.833102,0.83057,0.830394,0.825263,0.822106,0.819675,0.818853,0.814789,0.815015,0.813532,0.81063,0.810379,0.80916,0.807824,0.806565,0.805396,0.80494,0.803162,0.802356,0.801519,0.80206,0.798254,0.799729,0.800003,0.798609,0.798792,0.798687,0.79873,0.799646,0.801957,0.801922,0.803227,0.806218,0.808187,0.810529,0.813533,0.818924,0.821141,0.823532,0.827803,0.831076,0.837334,0.838089,0.841766,0.841914,0.845284,0.850638,0.854871,0.862769,0.87001,0.878419,0.88904,0.901995,0.909759,0.924818,0.937757,0.951128,0.963629,0.970525,0.980113,0.989876,0.995862,1.011403,1.012733,1.019873,1.021888,1.023172,1.025673,1.026248,1.026186,1.0319,1.031513,1.033877,1.035109,1.033661,1.030406,1.032386,1.028478,1.030007,1.023118,1.026121,1.024046,1.016989,1.022603,1.021439,1.021972,1.01695,1.015414,1.011638,1.008258,1.008377,1.006791,1.008164,1.008066,1.007427,1.003498,1.006371,1.002274,1.004875,1.00188,1.003915,0.999215,0.999238,0.998078,0.996065,0.996273,0.993209,0.99418,0.992468,0.987247,0.989681,0.989593,0.980784,0.974862,0.970623,0.969568,0.964304,0.960428,0.959996,0.955817,0.958123,0.955663,0.947306,0.940222,0.947017,0.940313,0.93704,0.93962,0.93153,0.928753,0.926174,0.915203,0.914455,0.898204,0.893521,0.8845,0.855033,0.845156,0.841711,0.812625,0.806059,0.848308,0.772444,0.843713,0.820234,0.779972,0.845154
S1_4,11,1,4.8,0.835904,0.83595,0.843633,0.840151,0.844569,0.844672,0.844274,0.841306,0.848221,0.83575,0.834971,0.833149,0.8325,0.825786,0.825332,0.82324,0.819587,0.823488,0.821657,0.818519,0.816366,0.814405,0.816597,0.814038,0.815254,0.812564,0.812143,0.808832,0.805452,0.80405,0.803116,0.80124,0.802265,0.799201,0.799099,0.797919,0.799341,0.795463,0.794003,0.793716,0.792983,0.793972,0.791773,0.793987,0.79213,0.791103,0.789743,0.790846,0.794736,0.790754,0.789976,0.789417,0.789728,0.790009,0.791845,0.792642,0.791678,0.78981,0.794657,0.794218,0.794951,0.797826,0.798158,0.802056,0.80485,0.806233,0.808458,0.81329,0.817112,0.821621,0.821785,0.825744,0.827918,0.830919,0.833424,0.835358,0.835641,0.83751,0.838857,0.835882,0.83636,0.832154,0.83198,0.828133,0.826412,0.823073,0.821145,0.81876,0.817519,0.816064,0.811117,0.81001,0.808902,0.810861,0.808936,0.807105,0.806826,0.803314,0.804144,0.801361,0.801947,0.803069,0.801374,0.797934,0.798453,0.79902,0.799035,0.798196,0.79983,0.80163,0.801957,0.801603,0.805386,0.807923,0.809036,0.812023,0.813947,0.817649,0.821105,0.824219,0.828399,0.832143,0.837792,0.838527,0.842496,0.845474,0.848982,0.850569,0.857139,0.864742,0.869778,0.880834,0.888785,0.900265,0.911973,0.924478,0.937487,0.950146,0.963872,0.971693,0.981934,0.993063,1.000056,1.008884,1.014317,1.017263,1.021508,1.024584,1.028424,1.03012,1.026251,1.031048,1.031763,1.029778,1.034396,1.030585,1.030569,1.030918,1.031659,1.030339,1.030131,1.025989,1.026039,1.024031,1.021746,1.023134,1.017932,1.019542,1.016883,1.01411,1.015223,1.010787,1.013347,1.00833,1.010206,1.013326,1.003934,1.003688,1.00659,1.000124,1.005898,1.004886,0.997341,0.998668,0.999531,0.999519,0.996188,0.99447,0.991911,0.990359,0.989705,0.987668,0.986198,0.988938,0.976451,0.976715,0.976458,0.972874,0.962445,0.966489,0.960713,0.953197,0.952664,0.952157,0.943543,0.952172,0.946548,0.941595,0.942022,0.942985,0.935403,0.919917,0.917382,0.926449,0.909628,0.894944,0.881163,0.874065,0.867618,0.850549,0.829332,0.863229,0.816111,0.831378,0.831067,0.801652,0.801098,0.888794
S1_5,11.8,1,5,0.838161,0.848426,0.842367,0.84329,0.838969,0.851109,0.850963,0.841407,0.84372,0.840611,0.834578,0.835347,0.828113,0.829787,0.823788,0.818891,0.824973,0.825255,0.825248,0.818389,0.817192,0.815166,0.814382,0.814263,0.813499,0.807738,0.808357,0.808891,0.805245,0.804518,0.805,0.803584,0.801865,0.800637,0.799837,0.799808,0.79713,0.798321,0.796939,0.795456,0.795207,0.796835,0.795257,0.790576,0.790059,0.791865,0.792933,0.792224,0.789897,0.790862,0.790861,0.792628,0.78962,0.794546,0.790565,0.791086,0.793031,0.793174,0.79127,0.793407,0.796577,0.799239,0.801717,0.802569,0.807625,0.812096,0.815481,0.813586,0.819984,0.820461,0.824618,0.824885,0.828318,0.830085,0.833438,0.835982,0.838124,0.836502,0.835728,0.836161,0.835353,0.833576,0.831514,0.83142,0.826629,0.823582,0.82076,0.820549,0.817981,0.815394,0.814565,0.812943,0.811083,0.81171,0.809178,0.807526,0.805576,0.804279,0.804286,0.80368,0.80144,0.801004,0.799807,0.798931,0.79913,0.798631,0.79829,0.799969,0.798186,0.800626,0.802107,0.803734,0.803794,0.805657,0.810837,0.812049,0.815463,0.816826,0.82135,0.825344,0.828399,0.831444,0.83562,0.839281,0.843604,0.842508,0.849946,0.850841,0.857064,0.865576,0.87165,0.878769,0.888487,0.901972,0.913313,0.924363,0.939029,0.950699,0.963643,0.972072,0.984289,0.991202,0.999387,1.009066,1.014828,1.018202,1.021097,1.022869,1.030005,1.02658,1.032403,1.032306,1.032881,1.030504,1.033785,1.035439,1.03115,1.033,1.030321,1.030129,1.027792,1.026033,1.028812,1.024713,1.024731,1.020839,1.016503,1.021155,1.01572,1.018374,1.014119,1.015078,1.010163,1.009923,1.009709,1.008616,1.002952,1.006454,1.003767,1.004172,1.003565,1.001497,1.001739,0.997531,0.99903,1.002629,0.996876,0.997743,0.996701,0.993333,0.995208,0.988513,0.984436,0.979553,0.974021,0.968439,0.977029,0.973932,0.963697,0.959458,0.960844,0.954627,0.955471,0.959063,0.943853,0.954085,0.938081,0.939997,0.940405,0.939949,0.93254,0.931766,0.923083,0.912421,0.904718,0.905679,0.893911,0.863514,0.860368,0.844825,0.825701,0.828951,0.817772,0.82594,0.805332,0.855684,0.823618,0.883652
S2_1,13.7,1,6.9,0.878906,0.875051,0.871559,0.867291,0.861017,0.87112,0.884609,0.872219,0.863644,0.862855,0.856947,0.856924,0.856872,0.846623,0.843588,0.845568,0.84198,0.838345,0.84137,0.835153,0.838037,0.833303,0.837675,0.834474,0.833453,0.83071,0.829544,0.828271,0.822673,0.826478,0.822319,0.819522,0.821225,0.820862,0.820478,0.813928,0.817854,0.814192,0.813609,0.811373,0.814322,0.81308,0.813117,0.812915,0.812535,0.810503,0.808165,0.807787,0.809532,0.806559,0.807943,0.808086,0.809616,0.80846,0.80868,0.807223,0.808379,0.807889,0.810502,0.814744,0.811735,0.81497,0.817381,0.822427,0.824278,0.83011,0.829991,0.835631,0.838073,0.835279,0.84056,0.843226,0.845746,0.847123,0.851828,0.853261,0.854964,0.85773,0.858238,0.855531,0.856671,0.853602,0.851239,0.845097,0.844208,0.841163,0.837974,0.833475,0.832998,0.829969,0.828869,0.826648,0.82635,0.824223,0.825259,0.821918,0.82176,0.82243,0.819498,0.820178,0.81656,0.816234,0.816132,0.815311,0.815423,0.816387,0.816309,0.816292,0.815897,0.817112,0.817163,0.819447,0.820672,0.823269,0.826527,0.828063,0.830972,0.834111,0.839271,0.842788,0.844943,0.848965,0.85304,0.854084,0.858486,0.861855,0.864311,0.869287,0.875664,0.881714,0.890769,0.899462,0.909301,0.921516,0.932544,0.945555,0.961171,0.976537,0.987444,0.998469,1.009921,1.018344,1.026245,1.036312,1.042213,1.047609,1.050956,1.052703,1.05312,1.057074,1.060407,1.060653,1.056215,1.061192,1.06336,1.059683,1.055162,1.056131,1.055467,1.056602,1.05531,1.054875,1.054373,1.050522,1.048232,1.043396,1.04178,1.042533,1.043098,1.037932,1.033858,1.037539,1.03403,1.031546,1.030116,1.026926,1.02572,1.027673,1.026337,1.027369,1.021539,1.021048,1.018666,1.019306,1.014886,1.022876,1.007775,1.009679,1.009638,1.008887,1.002533,1.00265,1.002659,0.993566,0.995066,0.990289,0.981559,0.980025,0.97819,0.972526,0.971745,0.968918,0.958278,0.959282,0.963942,0.958445,0.953555,0.953175,0.942363,0.93823,0.937528,0.930114,0.93519,0.926423,0.913521,0.916447,0.886162,0.876418,0.852826,0.826134,0.802365,0.786219,0.804958,0.815719,0.800764,0.803034,0.770687,0.818137
S2_2,14,1,7.1,0.862881,0.876135,0.884519,0.875795,0.870462,0.869101,0.870903,0.868251,0.864502,0.870907,0.865142,0.858121,0.854623,0.852988,0.849689,0.844339,0.838848,0.838826,0.842939,0.838703,0.843311,0.836264,0.834085,0.833247,0.832104,0.83267,0.826073,0.828698,0.8272,0.82659,0.821378,0.820304,0.817266,0.818458,0.819535,0.816028,0.818707,0.815956,0.815992,0.811716,0.812637,0.81134,0.815381,0.81315,0.812482,0.811603,0.810409,0.809083,0.809872,0.813661,0.812554,0.810469,0.807982,0.807355,0.808569,0.809155,0.811663,0.809686,0.808655,0.812228,0.813963,0.814874,0.817522,0.818361,0.823905,0.827258,0.831408,0.836811,0.834981,0.838762,0.838604,0.84315,0.846512,0.848337,0.852175,0.853657,0.853942,0.855183,0.857078,0.85756,0.851877,0.851666,0.850393,0.84411,0.84039,0.840469,0.839818,0.834216,0.834514,0.831079,0.828459,0.829065,0.82635,0.823688,0.822806,0.822606,0.822656,0.821155,0.822494,0.818512,0.818727,0.816856,0.817835,0.814897,0.817121,0.814608,0.81579,0.817155,0.815367,0.817245,0.819576,0.819132,0.820925,0.824828,0.825877,0.82698,0.831058,0.834968,0.83821,0.839448,0.845559,0.8515,0.851873,0.858258,0.860098,0.864155,0.866605,0.8697,0.874645,0.88338,0.891012,0.899117,0.910387,0.921905,0.931953,0.944265,0.961802,0.973065,0.986713,0.998725,1.010646,1.018467,1.029088,1.035462,1.04289,1.047659,1.047313,1.050313,1.056656,1.059751,1.06426,1.061707,1.061866,1.064036,1.059763,1.061153,1.059309,1.059847,1.060263,1.056333,1.054013,1.053296,1.051167,1.05016,1.047064,1.047028,1.046517,1.046532,1.037779,1.036467,1.032964,1.035482,1.035258,1.03454,1.02704,1.028456,1.024868,1.023614,1.027716,1.020076,1.023313,1.019926,1.020119,1.016153,1.019798,1.018922,1.01368,1.013774,1.012396,1.002535,1.00352,0.997772,0.998696,1.000556,0.993423,0.990712,0.978745,0.979418,0.978286,0.97194,0.974404,0.972063,0.962683,0.963624,0.970192,0.95962,0.951234,0.957483,0.954106,0.946557,0.940055,0.937407,0.926869,0.923252,0.917369,0.903144,0.888234,0.87495,0.846959,0.832458,0.810707,0.821102,0.799052,0.799726,0.825438,0.832584,0.795904,0.819054
S2_3,13.5,1,6.8,0.860369,0.860823,0.860949,0.875097,0.852237,0.865721,0.875013,0.8711,0.872149,0.856933,0.857233,0.855716,0.852771,0.842246,0.852106,0.847405,0.841621,0.839596,0.838168,0.840435,0.841624,0.836085,0.833652,0.831714,0.831753,0.831351,0.830919,0.825805,0.825876,0.824214,0.821451,0.821945,0.819519,0.821061,0.816754,0.816498,0.816796,0.817392,0.814773,0.814159,0.813742,0.813646,0.809976,0.809231,0.811646,0.809541,0.807931,0.806719,0.810667,0.810288,0.805649,0.808729,0.806785,0.809673,0.808081,0.809444,0.81187,0.806865,0.811723,0.809719,0.811522,0.813306,0.81665,0.818983,0.825888,0.822929,0.832625,0.831485,0.834097,0.839865,0.83952,0.843553,0.842454,0.849464,0.849396,0.851091,0.854757,0.85666,0.856398,0.85648,0.855088,0.852396,0.848504,0.848064,0.84094,0.841018,0.834005,0.834988,0.832466,0.830547,0.826462,0.82727,0.825373,0.82381,0.822431,0.823366,0.821274,0.820484,0.821573,0.820095,0.816884,0.816818,0.816609,0.814713,0.815665,0.814156,0.81529,0.814987,0.815407,0.814732,0.816645,0.818857,0.82081,0.821996,0.825868,0.827303,0.831888,0.83522,0.836801,0.842553,0.845251,0.851067,0.854171,0.855879,0.859587,0.86215,0.864346,0.870846,0.877072,0.884137,0.891426,0.89957,0.909823,0.920613,0.934512,0.944233,0.964032,0.974712,0.985452,0.999377,1.007566,1.019992,1.02709,1.037157,1.043312,1.046981,1.054698,1.054078,1.056423,1.057466,1.056761,1.059592,1.061419,1.060995,1.060006,1.058698,1.059291,1.059478,1.057244,1.053124,1.048479,1.054038,1.049122,1.050427,1.046654,1.045372,1.040453,1.041441,1.041242,1.035686,1.033719,1.032358,1.029344,1.030292,1.023514,1.026695,1.021826,1.024272,1.024907,1.019215,1.022804,1.015828,1.020788,1.015797,1.014343,1.012219,1.00925,1.015881,1.009795,1.007804,1.005528,0.994713,0.998274,0.996472,0.993496,0.986807,0.980482,0.971879,0.977758,0.974765,0.971729,0.968609,0.961848,0.959373,0.952208,0.951652,0.947438,0.948107,0.946285,0.941763,0.938284,0.918401,0.93007,0.919696,0.913709,0.891141,0.883671,0.886695,0.854474,0.830858,0.78928,0.791637,0.797317,0.779419,0.83631,0.803286,0.794284,0.780105
S2_4,14.2,1,7.5,0.872653,0.877339,0.877251,0.873405,0.8795,0.880297,0.872077,0.869727,0.868588,0.867837,0.866426,0.861338,0.85112,0.848547,0.847099,0.84002,0.842969,0.841527,0.840527,0.839714,0.840028,0.836372,0.839364,0.836575,0.831174,0.835567,0.829311,0.829317,0.827117,0.82472,0.825489,0.823497,0.822239,0.821098,0.820899,0.819941,0.81798,0.815874,0.815804,0.815096,0.812449,0.812725,0.813648,0.812801,0.809042,0.812653,0.806352,0.811734,0.808897,0.806731,0.810657,0.808019,0.807112,0.809576,0.806782,0.812182,0.809815,0.807794,0.811679,0.810532,0.814775,0.817262,0.816399,0.819985,0.825033,0.831145,0.831491,0.832163,0.835663,0.8376,0.839399,0.84576,0.848163,0.84799,0.855845,0.855096,0.857441,0.855533,0.856976,0.85673,0.85713,0.85446,0.851375,0.847613,0.845959,0.840715,0.839694,0.837804,0.834627,0.831589,0.827572,0.826791,0.826345,0.824482,0.823165,0.821278,0.822814,0.821538,0.819777,0.819136,0.819388,0.818552,0.818139,0.81538,0.814533,0.815474,0.814385,0.814589,0.816921,0.818016,0.817682,0.818737,0.822202,0.824019,0.823829,0.829877,0.832402,0.83467,0.840354,0.84268,0.846725,0.849655,0.853501,0.856826,0.860372,0.864004,0.868017,0.871804,0.873779,0.884196,0.892284,0.901486,0.913575,0.923676,0.9339,0.946537,0.962839,0.9741,0.988902,1.002069,1.011152,1.020644,1.028112,1.039543,1.043767,1.049263,1.051363,1.054164,1.055543,1.058625,1.059642,1.062098,1.062419,1.061345,1.062417,1.06049,1.061939,1.059699,1.056423,1.05937,1.058789,1.056724,1.055717,1.048128,1.052256,1.04726,1.045729,1.043011,1.039355,1.039353,1.033411,1.033806,1.030701,1.0354,1.031397,1.028033,1.027557,1.024974,1.026127,1.022723,1.021133,1.019366,1.021023,1.01784,1.014922,1.01757,1.017193,1.017714,1.01183,1.007724,1.005378,0.996964,0.999599,1.000165,0.994963,0.986957,0.991881,0.984014,0.981015,0.980039,0.976214,0.967749,0.969836,0.952713,0.95963,0.959052,0.95972,0.948827,0.947493,0.945863,0.946016,0.93779,0.928319,0.929278,0.921441,0.911503,0.894917,0.871183,0.857109,0.823316,0.822247,0.811915,0.794513,0.816538,0.807795,0.784074,0.813208,0.913174
S2_5,13.8,1,7,0.868952,0.865602,0.859494,0.887092,0.864014,0.859221,0.861462,0.874488,0.869823,0.870129,0.861379,0.853991,0.856024,0.845056,0.848355,0.846788,0.846653,0.843737,0.841991,0.838965,0.838643,0.839689,0.835116,0.834516,0.832039,0.830061,0.82866,0.826094,0.827147,0.825382,0.823159,0.82218,0.821747,0.816888,0.818418,0.818109,0.81758,0.816633,0.812353,0.813051,0.814428,0.813276,0.812648,0.812709,0.812809,0.810723,0.80867,0.807177,0.80855,0.808683,0.809648,0.809014,0.8068,0.804984,0.809072,0.806568,0.809004,0.807457,0.807603,0.811361,0.811368,0.814395,0.818588,0.818702,0.822935,0.828911,0.829487,0.830823,0.836756,0.839066,0.840119,0.846838,0.845663,0.844592,0.85222,0.854031,0.852642,0.85834,0.856448,0.855995,0.85634,0.851948,0.84767,0.845987,0.842452,0.84074,0.837937,0.833572,0.834348,0.83297,0.828655,0.824501,0.822132,0.822194,0.824286,0.822513,0.821648,0.819681,0.820841,0.818831,0.818651,0.816074,0.818655,0.814768,0.814615,0.815823,0.815677,0.81626,0.815701,0.8164,0.817305,0.819061,0.821512,0.822806,0.825724,0.826334,0.832425,0.834885,0.838761,0.841453,0.844891,0.849348,0.852928,0.856821,0.86069,0.861684,0.865426,0.869277,0.87486,0.884234,0.891305,0.90185,0.910998,0.920798,0.933129,0.94816,0.96254,0.975751,0.98684,0.999582,1.010283,1.021398,1.02804,1.03611,1.042238,1.048666,1.050245,1.055526,1.056104,1.056432,1.058966,1.060662,1.062518,1.056322,1.061377,1.061198,1.056204,1.057715,1.052938,1.057793,1.055571,1.051041,1.054278,1.047352,1.046081,1.04288,1.044428,1.040353,1.041331,1.037823,1.032865,1.032629,1.027931,1.028572,1.029088,1.026884,1.024773,1.024347,1.022979,1.024627,1.02146,1.018692,1.014801,1.015549,1.014621,1.018338,1.008072,1.010696,1.00721,1.010241,1.005215,1.000011,0.998429,0.998185,0.992764,0.98829,0.987966,0.980882,0.972546,0.976488,0.968486,0.966601,0.960484,0.9595,0.960747,0.956708,0.944087,0.946895,0.950265,0.939045,0.935676,0.935829,0.932747,0.927926,0.93171,0.917286,0.88607,0.870846,0.859798,0.82109,0.799372,0.802859,0.813558,0.840242,0.780431,0.793697,0.77348,0.802134
S3_1,15.9,1,8.9,0.982824,0.986861,0.96775,0.981176,0.970077,0.974415,0.972352,0.973264,0.967381,0.981232,0.963669,0.962532,0.953921,0.955734,0.952607,0.949736,0.946521,0.945254,0.948355,0.93807,0.937564,0.943686,0.938607,0.937195,0.935669,0.932717,0.928492,0.930809,0.925718,0.922838,0.924363,0.924117,0.91937,0.921064,0.918146,0.917684,0.915575,0.919013,0.914661,0.91417,0.909918,0.912769,0.910843,0.908435,0.910355,0.908314,0.90345,0.90992,0.9073,0.908931,0.90924,0.90378,0.905043,0.906153,0.904202,0.906124,0.911769,0.908477,0.906471,0.907968,0.911436,0.914098,0.917667,0.919983,0.924731,0.926641,0.93142,0.933445,0.935822,0.940055,0.938916,0.944713,0.947688,0.950081,0.951461,0.952115,0.954911,0.95933,0.960722,0.958391,0.955267,0.952922,0.950372,0.950085,0.942571,0.938369,0.933442,0.933823,0.933101,0.930895,0.922418,0.925527,0.925241,0.919448,0.9205,0.916898,0.919319,0.917963,0.915071,0.915556,0.914225,0.912482,0.911956,0.911966,0.909436,0.910188,0.911747,0.911262,0.907925,0.912341,0.913427,0.913335,0.916288,0.917396,0.922763,0.923536,0.926136,0.930867,0.932648,0.939285,0.943343,0.947174,0.95125,0.956772,0.956195,0.962431,0.966558,0.968726,0.97722,0.984201,0.995584,1.006135,1.015918,1.026204,1.041195,1.053752,1.072042,1.087396,1.100773,1.111049,1.12301,1.133212,1.140628,1.155327,1.161773,1.164388,1.166104,1.170575,1.175335,1.170047,1.176567,1.182678,1.181139,1.177555,1.179413,1.177855,1.173108,1.175594,1.174352,1.171419,1.166355,1.171378,1.167941,1.165642,1.160786,1.164613,1.157226,1.154708,1.154341,1.14887,1.149858,1.147474,1.140928,1.147948,1.143677,1.13835,1.136141,1.138211,1.134814,1.139387,1.139019,1.136195,1.129114,1.127653,1.134665,1.127664,1.126737,1.128139,1.118504,1.119642,1.116216,1.114911,1.116656,1.105501,1.102287,1.098911,1.091852,1.084994,1.095578,1.082918,1.078707,1.078873,1.075275,1.073767,1.072177,1.064363,1.062516,1.055709,1.058021,1.044163,1.053542,1.062753,1.031395,1.023617,1.036242,1.030813,1.000136,0.972559,0.9595,0.930911,0.928872,0.905445,0.883787,0.917387,0.904061,0.898499,0.968835,0.949783
S3_2,15.7,1,8.8,0.962514,0.971816,0.958441,0.96991,0.971715,0.97428,0.971024,0.96569,0.977911,0.960134,0.961375,0.958758,0.95619,0.951039,0.950838,0.946127,0.948683,0.947307,0.942295,0.93944,0.941192,0.936276,0.930672,0.936343,0.933034,0.928174,0.931317,0.927334,0.927034,0.926714,0.921921,0.921746,0.919177,0.91601,0.919682,0.916102,0.917118,0.914936,0.913048,0.910255,0.907128,0.911423,0.908543,0.909914,0.908359,0.906854,0.906917,0.907063,0.907803,0.907427,0.90942,0.908208,0.907031,0.90673,0.907573,0.908218,0.909936,0.90773,0.907986,0.905927,0.913016,0.914302,0.917146,0.917402,0.924694,0.925003,0.933382,0.93498,0.933005,0.93946,0.940893,0.946634,0.948686,0.949642,0.953159,0.95581,0.951795,0.956841,0.95747,0.955142,0.95479,0.953469,0.948385,0.946993,0.94203,0.937203,0.932375,0.931586,0.931036,0.927587,0.926224,0.925037,0.921758,0.922638,0.920558,0.918785,0.918496,0.916437,0.915102,0.916191,0.913332,0.913506,0.913063,0.911747,0.909237,0.911346,0.911039,0.910737,0.910148,0.909765,0.912119,0.914223,0.917741,0.9186,0.920155,0.924126,0.927419,0.929856,0.934199,0.93727,0.942188,0.948328,0.949182,0.954908,0.956307,0.959649,0.965189,0.973429,0.975018,0.986908,0.994706,1.003482,1.014311,1.025534,1.038052,1.053123,1.069499,1.084988,1.094883,1.107639,1.124059,1.127822,1.141039,1.152118,1.155559,1.158442,1.158108,1.167687,1.169729,1.172195,1.17636,1.179095,1.177791,1.174784,1.173702,1.172386,1.175788,1.174609,1.174799,1.170078,1.169661,1.171378,1.165672,1.167646,1.16444,1.159134,1.158472,1.15486,1.159457,1.153556,1.152333,1.151801,1.148017,1.141977,1.139833,1.139058,1.139231,1.140418,1.143989,1.134775,1.134856,1.135537,1.134089,1.130698,1.126277,1.127456,1.122382,1.134034,1.119784,1.116493,1.120182,1.108693,1.120053,1.113101,1.10713,1.100579,1.100009,1.098487,1.089643,1.086717,1.078836,1.084205,1.06953,1.077868,1.065299,1.07207,1.060432,1.052192,1.056354,1.05623,1.054021,1.044963,1.044671,1.045928,1.029228,1.015383,1.019908,0.974526,0.968042,0.959568,0.933545,0.901879,0.946151,0.937875,0.979239,0.872041,0.913625,0.942893
S3_3,15.6,1,8.7,0.980003,0.97061,0.960662,0.977921,0.970572,0.983184,0.974715,0.982998,0.966342,0.968145,0.970914,0.960802,0.956225,0.955667,0.951832,0.952889,0.943915,0.94717,0.943169,0.939636,0.938433,0.939293,0.939732,0.933627,0.935244,0.931807,0.931828,0.925669,0.926115,0.926281,0.925295,0.921404,0.918332,0.919336,0.920647,0.918148,0.916978,0.912907,0.915075,0.912109,0.913504,0.910562,0.909971,0.909496,0.910832,0.908788,0.908111,0.907839,0.908267,0.908609,0.905134,0.907287,0.908398,0.905001,0.904433,0.907949,0.905932,0.90624,0.91284,0.906064,0.911436,0.911133,0.920068,0.918081,0.925759,0.926066,0.926713,0.931071,0.937056,0.934988,0.940529,0.942333,0.949013,0.949614,0.953397,0.954874,0.957796,0.958551,0.959015,0.954524,0.954128,0.953313,0.948571,0.947584,0.942062,0.938946,0.936173,0.933778,0.931622,0.92947,0.925387,0.922175,0.919823,0.920385,0.920532,0.920203,0.917334,0.917169,0.915041,0.915617,0.91388,0.914002,0.912877,0.912265,0.912298,0.909652,0.908603,0.911447,0.91236,0.913007,0.913256,0.914118,0.916981,0.919773,0.920339,0.923464,0.927204,0.93373,0.933691,0.942182,0.943824,0.944797,0.950509,0.953752,0.959494,0.961901,0.964544,0.969887,0.978532,0.983541,0.995191,1.003733,1.015658,1.02501,1.037652,1.051033,1.068393,1.087699,1.094838,1.109799,1.12349,1.133313,1.139326,1.151801,1.158148,1.160708,1.167774,1.167987,1.17228,1.173932,1.173108,1.175898,1.174504,1.175029,1.179058,1.180358,1.172349,1.17365,1.175998,1.175454,1.173274,1.168273,1.167027,1.168508,1.160178,1.161815,1.159557,1.155568,1.152162,1.154722,1.152176,1.145294,1.148017,1.149538,1.141294,1.141793,1.142357,1.141816,1.139606,1.13636,1.138325,1.133408,1.127533,1.124355,1.131704,1.130031,1.124854,1.125877,1.123614,1.112906,1.114377,1.122003,1.109016,1.104119,1.103021,1.095499,1.092341,1.094476,1.088548,1.086527,1.083932,1.072162,1.069143,1.066542,1.079887,1.057797,1.061666,1.049223,1.059947,1.056721,1.039993,1.049126,1.058001,1.030336,1.032034,1.00132,0.996701,0.974741,0.959882,0.936986,0.904862,0.8961,0.88458,0.924226,0.913821,0.850599,0.922616,0.918449
S3_4,16.4,1,9.2,0.984242,0.987311,0.978717,0.966574,0.970914,0.979614,0.987228,0.97321,0.973497,0.967724,0.968705,0.964518,0.953869,0.958361,0.945651,0.95506,0.945024,0.947376,0.941129,0.943328,0.944303,0.940809,0.939323,0.93545,0.935203,0.927253,0.929848,0.930712,0.929115,0.927373,0.920996,0.923226,0.921972,0.917614,0.916726,0.915871,0.916346,0.91392,0.912982,0.912278,0.913551,0.91026,0.913136,0.907801,0.90967,0.911381,0.908709,0.908001,0.907537,0.906983,0.907559,0.905656,0.905295,0.906795,0.909268,0.906143,0.911779,0.9093,0.907912,0.909355,0.910928,0.914552,0.915539,0.921857,0.925268,0.929887,0.93085,0.935812,0.934897,0.937595,0.939154,0.94649,0.94653,0.955413,0.951887,0.954326,0.957759,0.959432,0.954133,0.957831,0.954304,0.953904,0.949029,0.945414,0.942014,0.938646,0.934891,0.929029,0.933712,0.931704,0.925275,0.92381,0.924562,0.921795,0.918439,0.919176,0.918534,0.918915,0.914955,0.9129,0.914643,0.915467,0.910353,0.915576,0.912081,0.910002,0.91017,0.909768,0.911008,0.911654,0.912786,0.913181,0.917147,0.919266,0.920824,0.922003,0.929633,0.932001,0.934205,0.935229,0.944722,0.946808,0.949182,0.955753,0.958358,0.961208,0.966763,0.969439,0.977067,0.986428,0.994805,1.005845,1.013794,1.028817,1.039341,1.050789,1.07018,1.086861,1.099843,1.106925,1.120697,1.130944,1.140269,1.152574,1.161176,1.163906,1.168284,1.173866,1.174382,1.173557,1.177868,1.177389,1.173775,1.176337,1.173866,1.183008,1.17976,1.176834,1.178211,1.174405,1.170317,1.1694,1.170098,1.165977,1.163052,1.157103,1.159633,1.159918,1.156583,1.153633,1.151993,1.147709,1.146042,1.143638,1.143111,1.139686,1.144159,1.140884,1.133543,1.133368,1.143088,1.136553,1.134822,1.128558,1.135015,1.127393,1.12966,1.11929,1.128131,1.124734,1.113749,1.11287,1.114591,1.107556,1.101779,1.106387,1.10281,1.094111,1.086264,1.094244,1.090631,1.078451,1.078212,1.073292,1.068251,1.074388,1.06661,1.059839,1.054831,1.054905,1.048693,1.052235,1.042649,1.036325,1.027553,1.012086,1.007905,0.977408,0.956072,0.934258,0.907186,0.921349,0.951365,0.922594,0.940681,0.909776,0.905575,0.932998
S3_5,16,1,9,0.979733,0.974385,0.968149,0.979102,0.973627,0.986715,0.976084,0.968774,0.972003,0.969988,0.95994,0.959457,0.95988,0.949293,0.945978,0.942667,0.943986,0.94279,0.946058,0.950556,0.943065,0.942354,0.936081,0.933014,0.933498,0.930111,0.925413,0.929352,0.926522,0.925202,0.921662,0.918552,0.916308,0.920675,0.919201,0.916342,0.919256,0.913939,0.913432,0.910647,0.913049,0.909986,0.91326,0.908492,0.905315,0.907773,0.911367,0.904478,0.906506,0.905702,0.907456,0.905254,0.905891,0.902679,0.908606,0.902939,0.904976,0.913099,0.908621,0.909033,0.911168,0.91357,0.918226,0.915778,0.920887,0.927273,0.929618,0.92854,0.932001,0.940737,0.938544,0.942152,0.944936,0.945712,0.95077,0.949066,0.952992,0.953322,0.956257,0.954882,0.954525,0.951795,0.950389,0.947409,0.943397,0.939468,0.934883,0.931329,0.930754,0.926887,0.923732,0.921921,0.921307,0.924469,0.919985,0.917965,0.917801,0.916066,0.91666,0.913278,0.91354,0.911349,0.91216,0.910347,0.910742,0.910419,0.909861,0.910353,0.912583,0.912918,0.911089,0.916299,0.916975,0.918022,0.921326,0.92435,0.927527,0.929224,0.932574,0.937025,0.940688,0.946029,0.950157,0.956605,0.956232,0.963139,0.963538,0.969673,0.975375,0.984897,0.994559,1.004561,1.014962,1.027432,1.041148,1.050935,1.072299,1.087137,1.099677,1.112255,1.120356,1.132789,1.13992,1.15268,1.155602,1.161982,1.169083,1.164928,1.173465,1.173477,1.174514,1.172966,1.181703,1.17643,1.177485,1.17322,1.175859,1.175642,1.173917,1.176102,1.171549,1.169486,1.164542,1.159733,1.156708,1.156382,1.158926,1.153686,1.153575,1.148409,1.152685,1.145763,1.145936,1.146806,1.140034,1.143291,1.13883,1.139264,1.138678,1.137516,1.131966,1.137872,1.133114,1.134589,1.128199,1.115925,1.126737,1.118637,1.122645,1.116887,1.112616,1.114176,1.112297,1.107723,1.10984,1.095845,1.095546,1.097547,1.092132,1.083107,1.087203,1.083352,1.073504,1.078683,1.070954,1.066791,1.063161,1.061705,1.054389,1.056259,1.048042,1.044717,1.044928,1.038463,1.041605,1.004463,1.009992,0.977192,0.940151,0.932873,0.896911,0.8961,0.864252,0.901687,0.899394,0.949515,0.924001,0.897722
S4_1,17.2,1,11.2,0.986926,1.001979,1.011367,0.995276,0.987486,1.007026,1.001048,0.992557,1.003146,0.998534,0.987364,0.994257,0.982312,0.991098,0.984114,0.977165,0.982955,0.975531,0.973711,0.979082,0.973831,0.971239,0.969815,0.97323,0.971396,0.965264,0.966986,0.961072,0.96014,0.959084,0.962715,0.959563,0.957015,0.957558,0.953219,0.954653,0.956256,0.955119,0.949213,0.951833,0.946317,0.94921,0.95067,0.949175,0.946085,0.946789,0.949368,0.948349,0.945839,0.942757,0.941176,0.942477,0.94289,0.944982,0.945021,0.941707,0.946951,0.947521,0.946604,0.948835,0.948571,0.950114,0.955465,0.95742,0.967871,0.965551,0.973165,0.972397,0.980374,0.977511,0.979911,0.990995,0.99,0.990672,0.99419,1.000981,1.008323,1.001667,1.007496,1.004229,1.000582,1.00147,0.995027,0.985196,0.989016,0.982206,0.981147,0.975458,0.976056,0.974354,0.968991,0.970366,0.96607,0.967943,0.963293,0.963426,0.961085,0.960897,0.958024,0.957245,0.957411,0.956999,0.957112,0.955016,0.954437,0.955331,0.954593,0.956315,0.955066,0.955402,0.956657,0.958118,0.960926,0.96411,0.966858,0.971425,0.971053,0.977751,0.981559,0.985324,0.991263,0.996136,0.998592,1.005792,1.006282,1.013062,1.017908,1.023278,1.028074,1.041014,1.052063,1.058367,1.071347,1.087547,1.100457,1.109343,1.13135,1.148759,1.166614,1.177011,1.189116,1.199286,1.209952,1.216997,1.221692,1.236412,1.24132,1.233967,1.241459,1.245975,1.243372,1.245983,1.249832,1.247632,1.248894,1.247038,1.242289,1.248064,1.248987,1.252815,1.239111,1.236596,1.23588,1.236349,1.227294,1.226261,1.22683,1.226892,1.222421,1.217473,1.21685,1.218052,1.215571,1.218935,1.212042,1.208571,1.213183,1.207454,1.204853,1.201142,1.201266,1.197053,1.201356,1.197192,1.203257,1.197697,1.187226,1.193948,1.189153,1.186621,1.176281,1.185169,1.17658,1.176083,1.167359,1.167195,1.171006,1.159226,1.153618,1.152588,1.147166,1.139757,1.139076,1.136432,1.138186,1.120174,1.121072,1.122884,1.11948,1.120836,1.117057,1.10103,1.106495,1.099639,1.088957,1.095317,1.056265,1.045067,1.011855,0.992684,0.973138,1.004819,1.024805,0.975642,1.03639,0.897403,1.064538,1.046631
S4_2,17.5,1,11.5,1.003902,0.991589,0.986756,1.006104,1.003114,0.992663,0.99652,1.001257,0.99531,1.00693,1.004529,0.989832,0.985707,0.978085,0.979307,0.982207,0.981095,0.987449,0.980817,0.977461,0.978653,0.976849,0.972581,0.974204,0.970092,0.965653,0.967636,0.962629,0.963716,0.960322,0.958998,0.958516,0.955403,0.955428,0.954121,0.958954,0.952592,0.95268,0.953961,0.949024,0.949218,0.952225,0.951399,0.948355,0.947879,0.944358,0.944111,0.944681,0.944754,0.945058,0.943945,0.943599,0.942017,0.946663,0.942545,0.942581,0.947437,0.948117,0.942265,0.9494,0.950606,0.95582,0.9596,0.958359,0.962384,0.967722,0.973971,0.972741,0.976782,0.975319,0.98373,0.987977,0.98943,0.992531,0.997905,0.999335,1.004214,1.004489,1.003866,1.005093,1.002777,0.998934,0.996728,0.990198,0.987094,0.983946,0.980067,0.978841,0.974137,0.973068,0.969193,0.970289,0.964841,0.966067,0.959683,0.963056,0.961196,0.959103,0.959595,0.958937,0.958604,0.956284,0.953684,0.955276,0.95179,0.954855,0.954736,0.955269,0.955582,0.954546,0.959378,0.962231,0.96051,0.964931,0.964619,0.967417,0.974933,0.976397,0.981533,0.987039,0.991303,0.99523,0.99864,1.005363,1.009852,1.01304,1.020308,1.023161,1.030503,1.044429,1.050657,1.060984,1.075478,1.089023,1.102874,1.118261,1.137637,1.150188,1.164847,1.176338,1.187864,1.20369,1.208821,1.221295,1.228227,1.235636,1.236737,1.238496,1.242465,1.244621,1.245375,1.249428,1.247581,1.248805,1.246826,1.243747,1.247908,1.242094,1.244931,1.246643,1.247056,1.233147,1.238636,1.229851,1.235549,1.230804,1.228027,1.229571,1.222675,1.223864,1.218323,1.220476,1.21711,1.211756,1.207843,1.209259,1.20936,1.211719,1.207035,1.208748,1.202513,1.193713,1.197367,1.202931,1.193869,1.199764,1.19223,1.197534,1.184233,1.183348,1.182593,1.183296,1.18754,1.170814,1.165049,1.167399,1.158645,1.159179,1.153043,1.143312,1.15785,1.139221,1.143907,1.141533,1.12435,1.119919,1.124599,1.123376,1.114346,1.120736,1.111414,1.092798,1.108987,1.096872,1.078845,1.085261,1.0785,1.042654,1.005698,1.004434,0.951565,0.960692,0.935115,1.047416,0.956724,0.995409,0.940148,1.099998
S4_3,17,1,11,0.993681,1.011193,1.000655,1.009306,0.99952,1.008485,1.004971,0.994637,1.002936,1.000654,0.994866,0.987062,0.98423,0.981984,0.984932,0.98122,0.984916,0.975327,0.979096,0.977274,0.975326,0.978303,0.97081,0.969171,0.97491,0.969211,0.967465,0.961912,0.962922,0.961401,0.960969,0.95611,0.958895,0.954567,0.952638,0.952197,0.953128,0.952548,0.954455,0.949505,0.95095,0.949024,0.948088,0.946615,0.943773,0.945484,0.946436,0.942982,0.946543,0.944852,0.945928,0.941054,0.945192,0.943854,0.945791,0.942933,0.945819,0.945013,0.942952,0.946744,0.950768,0.950598,0.957084,0.95741,0.962723,0.970415,0.972443,0.973095,0.979085,0.983018,0.98464,0.986486,0.988871,0.993955,0.993793,0.998655,1.004717,1.002947,1.003845,1.00466,1.001004,1.0025,1.001422,0.994663,0.986137,0.983534,0.998491,0.978707,0.976492,0.973542,0.967317,0.967365,0.967976,0.963746,0.962933,0.963241,0.960987,0.961597,0.961831,0.958037,0.958334,0.956199,0.957823,0.954667,0.95421,0.95307,0.954469,0.955454,0.955299,0.953655,0.958886,0.957684,0.959904,0.963193,0.966523,0.967727,0.97173,0.978567,0.980967,0.987098,0.991177,0.99474,1.001934,1.003292,1.011532,1.01454,1.019222,1.024647,1.029077,1.043241,1.053113,1.060804,1.07417,1.086303,1.097846,1.11604,1.134215,1.152438,1.16345,1.178803,1.192422,1.199673,1.209062,1.219895,1.226698,1.236269,1.237061,1.241318,1.241234,1.244902,1.241739,1.245685,1.250397,1.248487,1.249186,1.249554,1.24033,1.246149,1.243852,1.239678,1.241571,1.237126,1.242274,1.234614,1.23368,1.226393,1.22745,1.225522,1.222645,1.219744,1.214041,1.217913,1.217921,1.204311,1.213641,1.215928,1.209457,1.204912,1.206084,1.207046,1.194226,1.200679,1.199579,1.196276,1.197912,1.200291,1.196298,1.194375,1.182982,1.172971,1.18096,1.180115,1.174886,1.174132,1.164962,1.158407,1.158942,1.155128,1.154145,1.155012,1.146388,1.147816,1.147213,1.135336,1.142484,1.121197,1.120895,1.119148,1.116889,1.111821,1.115432,1.105699,1.099685,1.092261,1.091774,1.08588,1.069516,1.035788,1.028114,0.990251,0.992627,1.004532,0.991638,0.975905,0.951609,1.057,0.963811,0.960581
S4_4,18,1,11.8,1.006079,1.024518,1.037561,1.009804,0.998464,1.014889,1.009062,1.009572,1.016187,1.006155,1.010631,0.992804,0.988997,0.993239,0.987909,0.978914,0.984308,0.984435,0.985724,0.982545,0.981292,0.977768,0.976602,0.971403,0.971047,0.969549,0.969978,0.965456,0.965712,0.965278,0.962664,0.957723,0.960287,0.954767,0.960642,0.954532,0.95409,0.949053,0.95154,0.951751,0.948488,0.952589,0.952296,0.948822,0.948066,0.946965,0.951386,0.952121,0.948298,0.948574,0.943433,0.944631,0.950917,0.949572,0.943625,0.946457,0.945729,0.948663,0.944679,0.950683,0.952671,0.957209,0.957962,0.961587,0.966729,0.97282,0.97351,0.974558,0.978811,0.983834,0.988885,0.990217,0.992437,0.991249,1.00145,0.999293,1.003451,1.006335,1.0058,1.006483,0.999925,1.002519,0.996264,0.993874,0.991515,0.987775,0.981594,0.978354,0.974661,0.975499,0.971984,0.968088,0.969928,0.966515,0.963854,0.964592,0.963996,0.962663,0.961438,0.96116,0.959239,0.957319,0.957701,0.953589,0.955224,0.955243,0.956497,0.955578,0.955078,0.957353,0.957997,0.959746,0.961749,0.963851,0.964601,0.968678,0.975844,0.978,0.983352,0.986412,0.992557,0.996035,1.000985,1.006915,1.009726,1.014006,1.018016,1.025524,1.031632,1.041581,1.05419,1.068832,1.072308,1.089984,1.103057,1.118261,1.137956,1.152221,1.167399,1.177066,1.194864,1.205053,1.213813,1.225976,1.230882,1.233934,1.244059,1.243893,1.24467,1.252797,1.243748,1.247409,1.248033,1.2523,1.256061,1.249484,1.248021,1.247822,1.247669,1.249052,1.245418,1.241618,1.239218,1.237857,1.231848,1.235305,1.231085,1.227923,1.221957,1.224534,1.217988,1.22063,1.21413,1.211959,1.209662,1.212863,1.217041,1.212267,1.208256,1.209208,1.205466,1.202434,1.199916,1.200242,1.197673,1.198316,1.197733,1.191355,1.199327,1.185876,1.177693,1.191652,1.18485,1.177148,1.181848,1.171154,1.172346,1.156389,1.163704,1.155509,1.152094,1.146285,1.136442,1.13561,1.139986,1.139593,1.138475,1.131143,1.128753,1.122817,1.118236,1.118595,1.117883,1.098407,1.113849,1.086766,1.095745,1.062506,1.028675,1.016511,1.003454,0.991058,0.998805,0.994457,1.020855,1.036273,1.01296,0.908413
S4_5,17.4,1,11.4,0.996537,1.011246,1.001854,1.000878,1.002499,1.007718,1.007815,1.004809,1.004225,1.002975,0.99047,0.977868,0.984062,0.991189,0.980133,0.980461,0.979305,0.979148,0.980131,0.975926,0.975787,0.975065,0.974778,0.970366,0.970137,0.964768,0.96834,0.965194,0.964625,0.959946,0.960291,0.960229,0.959419,0.955358,0.956304,0.953322,0.957757,0.954813,0.952001,0.953224,0.949321,0.945958,0.949351,0.95105,0.949086,0.949682,0.94536,0.944145,0.947352,0.943742,0.942655,0.946816,0.944345,0.943996,0.946553,0.942189,0.946799,0.945868,0.944349,0.947467,0.953769,0.954506,0.952921,0.956748,0.964639,0.96765,0.970765,0.975145,0.980374,0.984195,0.982738,0.991507,0.994567,0.997848,0.998707,1.003319,0.997706,1.00489,1.007322,1.005052,1.003705,1.003299,0.999607,0.989711,0.988584,0.98122,0.98053,0.976059,0.977373,0.973639,0.96827,0.969042,0.966317,0.964345,0.961577,0.962581,0.962048,0.957998,0.95992,0.955956,0.959219,0.957143,0.956184,0.956167,0.955312,0.954449,0.956516,0.955084,0.955059,0.955708,0.959206,0.958735,0.961061,0.96186,0.965583,0.969931,0.977302,0.975908,0.983236,0.9852,0.99192,0.997698,0.999644,1.007151,1.008976,1.014149,1.016009,1.024934,1.031836,1.040905,1.052496,1.062785,1.072942,1.087784,1.101219,1.113437,1.137239,1.153807,1.161494,1.176658,1.18699,1.200212,1.20976,1.22065,1.226332,1.232367,1.236049,1.242425,1.245884,1.239854,1.248335,1.248376,1.248129,1.248501,1.25065,1.247889,1.249817,1.246291,1.24634,1.244562,1.242188,1.234797,1.241043,1.231784,1.232551,1.229113,1.230445,1.232628,1.222107,1.224396,1.220762,1.214113,1.231812,1.210465,1.213054,1.212993,1.209067,1.208096,1.204172,1.204557,1.197799,1.203672,1.197155,1.194217,1.196793,1.198785,1.19223,1.199889,1.194431,1.187105,1.186495,1.178284,1.179861,1.175605,1.169748,1.158584,1.15228,1.168283,1.151824,1.150594,1.148979,1.144399,1.141969,1.129443,1.137473,1.127878,1.133496,1.125197,1.1332,1.1201,1.11595,1.111526,1.115945,1.102423,1.083812,1.096812,1.070034,1.036876,1.025603,0.987649,1.004276,0.97058,0.964626,0.991719,0.976855,1.087641,1.013447,0.945587
S5_1,21.7,1,13.4,1.045106,1.046105,1.023661,1.041428,1.060321,1.06403,1.078477,1.053131,1.047473,1.051582,1.047928,1.039191,1.02623,1.032337,1.029386,1.032352,1.03665,1.02571,1.020134,1.023511,1.020532,1.021551,1.019833,1.01952,1.018779,1.016838,1.012668,1.015309,1.006987,1.006721,1.00648,1.006299,1.005779,1.005582,1.000936,1.002122,1.003787,0.999812,0.998963,0.995083,0.996621,0.99649,0.998952,0.990314,0.991175,0.99169,0.988154,0.990522,0.992338,0.992065,0.988516,0.987417,0.98862,0.991888,0.986261,0.989242,0.988328,0.98881,0.996742,0.994802,0.994937,1.000915,1.002766,1.007306,1.011786,1.016566,1.018829,1.02795,1.029894,1.035877,1.034881,1.044489,1.047753,1.047875,1.053364,1.05654,1.062021,1.061969,1.067842,1.06391,1.063068,1.059795,1.057003,1.046006,1.044255,1.034017,1.04406,1.025733,1.024512,1.022867,1.016973,1.015763,1.013605,1.010113,1.010415,1.009262,1.00757,1.008575,1.007835,1.005365,1.003659,1.003979,1.000123,1.004313,1.003158,1.001469,1.001276,1.003945,1.002604,1.004583,1.007257,1.007,1.010203,1.013073,1.017352,1.018594,1.0238,1.033317,1.032617,1.03876,1.045967,1.050664,1.054424,1.06042,1.065738,1.071072,1.076889,1.08425,1.094191,1.105393,1.114351,1.127997,1.140545,1.155101,1.170326,1.190614,1.213697,1.229623,1.247887,1.261001,1.2764,1.291166,1.300158,1.31499,1.317643,1.331623,1.327008,1.34197,1.339501,1.334842,1.33913,1.34018,1.349861,1.33756,1.341692,1.3397,1.34454,1.343619,1.333028,1.339675,1.329234,1.328396,1.333203,1.323826,1.323109,1.319495,1.31687,1.312205,1.311535,1.315487,1.310518,1.301714,1.306603,1.303682,1.29737,1.302328,1.294556,1.292724,1.281585,1.292323,1.287554,1.289834,1.291664,1.277036,1.289288,1.291907,1.282554,1.271054,1.278942,1.275211,1.269359,1.259063,1.263858,1.260324,1.254192,1.243586,1.2466,1.237007,1.236375,1.237316,1.234637,1.232674,1.231889,1.21603,1.209791,1.197153,1.196358,1.215852,1.193597,1.211198,1.195359,1.199138,1.183581,1.184431,1.166496,1.145798,1.15653,1.107774,1.103806,1.063502,1.064022,1.026214,1.005044,1.033822,1.041694,1.081624,1.078733,0.990036
S5_2,22,1,13.6,1.030224,1.070154,1.060244,1.032121,1.044383,1.049695,1.069882,1.058524,1.064715,1.051368,1.041209,1.034781,1.034553,1.034212,1.026674,1.026608,1.025528,1.021247,1.034331,1.021938,1.020319,1.029618,1.020697,1.019288,1.016963,1.012592,1.013141,1.015837,1.010076,1.009045,1.006772,1.005693,1.003987,1.005402,1.003997,1.000223,1.003015,0.999449,0.998085,1.000353,0.997459,0.998429,0.999104,0.991081,0.992589,0.991322,0.988291,0.989549,0.995633,0.994112,0.989062,0.987542,0.988192,0.990316,0.988025,0.993504,0.994231,0.991037,0.993685,0.991699,0.998925,0.994578,1.000224,1.009208,1.013782,1.017099,1.018759,1.029408,1.027612,1.039772,1.038306,1.042311,1.050065,1.052166,1.050464,1.057999,1.065452,1.064066,1.062345,1.062875,1.061235,1.059917,1.054205,1.045536,1.04041,1.038376,1.034028,1.029383,1.02233,1.023299,1.017381,1.017365,1.013913,1.015123,1.015025,1.01101,1.010983,1.008269,1.00403,1.007488,1.007973,1.002306,1.004631,1.004135,1.000974,1.000766,1.003001,1.000337,1.002268,1.00507,1.005319,1.006864,1.010155,1.011909,1.016191,1.019614,1.024225,1.027393,1.034061,1.039143,1.043353,1.052228,1.057612,1.063406,1.062218,1.070407,1.077285,1.080999,1.093165,1.104277,1.116491,1.127547,1.136659,1.156281,1.171797,1.191522,1.211437,1.232189,1.251108,1.265254,1.278062,1.293314,1.295863,1.315545,1.319795,1.323181,1.335746,1.337774,1.34186,1.342237,1.343263,1.341614,1.343274,1.342881,1.346228,1.333312,1.344505,1.334628,1.337456,1.33701,1.329709,1.335506,1.326134,1.321544,1.324718,1.320472,1.313201,1.309022,1.307516,1.306633,1.310894,1.302611,1.302223,1.294576,1.298564,1.289188,1.301319,1.289474,1.291532,1.289829,1.29615,1.281546,1.290416,1.285373,1.279353,1.284589,1.284796,1.276793,1.272563,1.271274,1.274305,1.270516,1.265391,1.267317,1.260998,1.257888,1.256835,1.232389,1.234061,1.234625,1.229748,1.224597,1.234242,1.227744,1.226659,1.205467,1.223253,1.201389,1.202554,1.189013,1.183012,1.191244,1.203108,1.185745,1.164104,1.157483,1.13582,1.122768,1.091392,1.088254,1.050515,1.074247,1.08311,1.031871,1.106041,1.045412,1.112247,1.013517
S5_3,21.6,1,13.3,1.038683,1.058553,1.043333,1.067544,1.060088,1.059404,1.041551,1.062747,1.047153,1.052819,1.0482,1.043003,1.039146,1.024704,1.031925,1.02487,1.034844,1.024987,1.026131,1.022042,1.017462,1.025184,1.023005,1.018323,1.021663,1.016716,1.02086,1.013399,1.01088,1.006156,1.0086,1.00585,1.004893,1.004559,1.000254,1.002911,1.003492,0.999868,0.998028,0.999021,0.998403,1.001621,0.997548,0.991481,0.995119,0.993938,0.988748,0.989972,0.993099,0.990644,0.9906,0.987779,0.990668,0.99578,0.987321,0.989018,0.9915,0.991004,0.991841,0.990976,0.994277,0.996366,1.005278,1.008015,1.01509,1.024254,1.025765,1.026402,1.028745,1.033264,1.038162,1.045951,1.042404,1.053472,1.060512,1.060642,1.063853,1.060596,1.067042,1.065965,1.060097,1.060172,1.05333,1.04783,1.039985,1.035563,1.03277,1.025621,1.023328,1.020104,1.016322,1.017237,1.012417,1.011611,1.012681,1.010416,1.010202,1.006011,1.008523,1.007817,1.003439,1.003515,1.004537,1.001625,1.002778,1.00021,1.00264,0.999918,1.002453,1.005153,1.005585,1.007801,1.009564,1.015142,1.016031,1.02103,1.025436,1.031597,1.03648,1.040812,1.04693,1.049842,1.05627,1.062269,1.06793,1.068049,1.075133,1.082959,1.089757,1.103927,1.114897,1.126783,1.139785,1.154845,1.175206,1.18934,1.211366,1.228771,1.244228,1.262584,1.273456,1.294655,1.300662,1.316579,1.323359,1.322849,1.333111,1.340198,1.337666,1.339864,1.346482,1.337326,1.331903,1.338935,1.338843,1.347323,1.344787,1.342469,1.33816,1.332691,1.335689,1.333857,1.3284,1.319929,1.321686,1.318521,1.321468,1.314316,1.329099,1.313986,1.306942,1.304561,1.299089,1.303355,1.302594,1.298455,1.292443,1.297717,1.289427,1.287595,1.284589,1.286124,1.296981,1.287405,1.274678,1.280103,1.277252,1.286965,1.270911,1.268394,1.268436,1.268058,1.271976,1.269358,1.248122,1.24437,1.265533,1.244844,1.238235,1.249233,1.228413,1.236896,1.216659,1.224643,1.21097,1.21472,1.20013,1.200175,1.200848,1.184104,1.203565,1.195911,1.19421,1.190852,1.174971,1.154882,1.144567,1.132341,1.101878,1.072794,1.069371,1.033518,1.039293,1.038053,1.015798,1.091536,0.989991,1.093043
S5_4,21,1,13,1.0522,1.03973,1.053271,1.06553,1.034089,1.046054,1.057098,1.067315,1.046427,1.054275,1.053098,1.040124,1.036464,1.032974,1.030938,1.032771,1.029002,1.021784,1.025897,1.02645,1.019936,1.023053,1.016842,1.01525,1.021221,1.021285,1.014636,1.018939,1.011064,1.008296,1.012632,1.005906,1.008221,1.004279,1.004696,1.005842,0.998408,1.004132,0.99878,1.001516,0.996151,0.989896,0.994086,0.995695,0.995165,0.994795,0.993595,0.988795,0.993053,0.990027,0.98888,0.989568,0.990147,0.989368,0.987835,0.99286,0.988184,0.988744,0.992521,0.993594,1.001223,1.004597,1.005198,1.010944,1.012339,1.01937,1.021733,1.030574,1.032236,1.034706,1.040275,1.043152,1.045466,1.049889,1.058532,1.057328,1.061185,1.065864,1.059669,1.063749,1.062015,1.057735,1.054194,1.047672,1.041973,1.035879,1.031303,1.030603,1.021398,1.021402,1.019653,1.017519,1.01672,1.014048,1.015251,1.010748,1.008316,1.008866,1.012009,1.00669,1.008632,1.004189,1.003889,1.00106,1.001837,1.000982,1.004092,1.001635,1.002934,1.005228,1.003995,1.00539,1.008598,1.013198,1.015469,1.019209,1.023779,1.030467,1.035502,1.042071,1.044153,1.050664,1.058351,1.063027,1.067489,1.070472,1.077443,1.081117,1.089102,1.102609,1.11523,1.128322,1.137532,1.153454,1.173638,1.187314,1.213341,1.235121,1.248444,1.25985,1.273069,1.291326,1.297968,1.308644,1.321738,1.333788,1.330476,1.335151,1.326735,1.336691,1.345123,1.344513,1.345567,1.344497,1.348759,1.345798,1.340541,1.341429,1.338372,1.334889,1.338334,1.331162,1.335342,1.323433,1.325008,1.32176,1.316815,1.315723,1.312123,1.313649,1.310067,1.307407,1.300219,1.301206,1.296371,1.298927,1.29656,1.286445,1.289933,1.283485,1.287596,1.287774,1.283604,1.28491,1.281732,1.283903,1.293786,1.275386,1.279015,1.277963,1.276406,1.276072,1.265287,1.264485,1.262982,1.251929,1.249995,1.246768,1.234985,1.226945,1.233073,1.226338,1.222927,1.221697,1.214015,1.213909,1.199351,1.208935,1.2098,1.21555,1.200826,1.19409,1.189379,1.175571,1.181823,1.151266,1.143729,1.113993,1.105007,1.078778,1.04712,1.055015,1.051941,1.021224,1.040407,1.025849,1.150898,1.246126
S5_5,21.4,1,13.2,1.052647,1.038658,1.043967,1.057464,1.043707,1.065195,1.065254,1.053033,1.052919,1.047814,1.044065,1.040579,1.043595,1.035312,1.031165,1.024549,1.028985,1.032734,1.024484,1.023734,1.026207,1.021813,1.018586,1.020992,1.019986,1.015769,1.014232,1.015379,1.012759,1.008784,1.00675,1.005963,1.007589,1.005121,1.005294,1.005116,1.006777,1.005394,1.001308,1.001482,1.000053,0.997297,0.993259,0.995962,0.993016,0.999429,0.993814,0.99445,0.991958,0.992903,0.991662,0.991673,0.990997,0.990191,0.989898,0.991193,0.989654,0.993399,0.991172,0.996497,0.994914,0.996949,0.999931,1.00506,1.018793,1.019522,1.024056,1.027217,1.029124,1.038012,1.043089,1.045225,1.046067,1.051791,1.048695,1.061365,1.060042,1.063099,1.065611,1.066254,1.060277,1.058376,1.055743,1.046372,1.042115,1.038982,1.033679,1.028722,1.028713,1.021788,1.01919,1.018177,1.014329,1.010992,1.009838,1.009507,1.011923,1.009341,1.00693,1.007832,1.005649,1.004153,1.006305,1.000425,1.001844,1.002012,1.002501,1.001497,1.001974,1.006714,1.004241,1.008096,1.010828,1.0142,1.01699,1.021473,1.024904,1.032074,1.036231,1.04219,1.044737,1.048134,1.059847,1.060114,1.063637,1.071226,1.076881,1.083355,1.09189,1.102609,1.117997,1.129195,1.141336,1.154179,1.174013,1.189173,1.210353,1.227207,1.247939,1.260947,1.271854,1.291022,1.302746,1.312287,1.316974,1.331317,1.333614,1.332755,1.33379,1.33988,1.3447,1.345211,1.345584,1.343619,1.341417,1.349171,1.338886,1.337674,1.337245,1.344298,1.338119,1.33323,1.326401,1.32007,1.330682,1.324657,1.319436,1.321156,1.313909,1.308681,1.311082,1.314885,1.306393,1.308444,1.307331,1.294829,1.295508,1.30201,1.297723,1.295809,1.292409,1.291883,1.283906,1.28599,1.287206,1.284223,1.283393,1.268603,1.287372,1.276498,1.279794,1.278184,1.26816,1.26737,1.260158,1.248611,1.256921,1.260362,1.242478,1.242231,1.246129,1.241225,1.227679,1.22744,1.218623,1.21862,1.218979,1.211342,1.219747,1.188895,1.202425,1.204998,1.195392,1.186215,1.169045,1.15338,1.14681,1.119764,1.096997,1.096467,1.053266,1.026415,1.02786,1.144753,1.07595,1.112322,1.197027,1.439486
S6_1,24,1,16,1.070259,1.085513,1.077668,1.091868,1.060368,1.103563,1.081574,1.080618,1.079745,1.090595,1.074392,1.069107,1.062621,1.060641,1.059233,1.053919,1.061106,1.054478,1.053709,1.050701,1.050863,1.055663,1.052532,1.049202,1.048718,1.040956,1.048919,1.040154,1.040467,1.038144,1.039472,1.037913,1.035867,1.035669,1.027931,1.031079,1.023052,1.025921,1.026972,1.028518,1.023073,1.024539,1.02275,1.021152,1.01981,1.019043,1.017222,1.01961,1.019691,1.016373,1.015553,1.014078,1.010754,1.012787,1.012591,1.012999,1.013451,1.016249,1.017309,1.017713,1.02118,1.025427,1.031808,1.036473,1.044444,1.047547,1.051551,1.065071,1.06325,1.070075,1.072232,1.078587,1.080168,1.086807,1.091542,1.096892,1.096653,1.101764,1.100788,1.104783,1.103296,1.099075,1.090887,1.084339,1.075221,1.071047,1.065295,1.058239,1.05329,1.051607,1.04957,1.048847,1.044152,1.041348,1.044202,1.039603,1.042372,1.03903,1.035846,1.029483,1.033528,1.031385,1.029966,1.02766,1.027298,1.030879,1.03062,1.030723,1.031123,1.034941,1.036321,1.036104,1.040639,1.044925,1.045391,1.051757,1.057377,1.063119,1.064317,1.07443,1.079724,1.086169,1.092391,1.098334,1.106375,1.11105,1.117017,1.124271,1.133915,1.150466,1.159365,1.171996,1.188975,1.208547,1.22545,1.246566,1.271228,1.293196,1.313632,1.332819,1.341667,1.3533,1.372094,1.384171,1.395842,1.402024,1.397871,1.405365,1.413269,1.419349,1.411932,1.414913,1.409428,1.418995,1.413402,1.417424,1.415618,1.415119,1.410149,1.412736,1.404898,1.411694,1.405842,1.398016,1.397014,1.386909,1.392465,1.387131,1.379345,1.381417,1.376023,1.399877,1.376771,1.374335,1.373419,1.361926,1.363885,1.358562,1.367802,1.367599,1.363943,1.354728,1.35137,1.346102,1.358681,1.360436,1.35601,1.342989,1.347938,1.333814,1.340369,1.316862,1.337103,1.31587,1.304811,1.318399,1.306328,1.287471,1.301783,1.273116,1.279198,1.291927,1.275226,1.267277,1.280679,1.250761,1.261442,1.269948,1.247315,1.240626,1.230907,1.249722,1.236771,1.226006,1.224166,1.205775,1.178278,1.192903,1.160296,1.145551,1.101522,1.078765,1.050001,1.17365,1.124126,1.043,1.151901,1.253051
S6_2,23.8,1,15.8,1.077373,1.039787,1.071876,1.07728,1.08259,1.074708,1.087127,1.087496,1.086727,1.086736,1.071252,1.063254,1.066438,1.065532,1.056008,1.06605,1.05439,1.052551,1.051147,1.050006,1.057522,1.05159,1.048882,1.05093,1.049795,1.048735,1.046227,1.043385,1.042565,1.037306,1.031736,1.034906,1.034498,1.033276,1.030149,1.026327,1.024028,1.029647,1.027289,1.024718,1.023354,1.023791,1.022909,1.013046,1.020141,1.019656,1.017173,1.019537,1.015808,1.014979,1.01472,1.012771,1.016901,1.015661,1.01135,1.014585,1.010678,1.022325,1.013377,1.017182,1.026885,1.024482,1.03026,1.033197,1.041612,1.046303,1.047982,1.060021,1.064648,1.067338,1.067658,1.082874,1.082097,1.088813,1.095139,1.095349,1.096873,1.104581,1.105999,1.103658,1.107395,1.094746,1.090769,1.090796,1.070658,1.066582,1.066819,1.062622,1.058049,1.056208,1.052714,1.047262,1.044885,1.044178,1.040638,1.03962,1.041456,1.035627,1.03805,1.035941,1.033418,1.033905,1.034079,1.031513,1.031726,1.029058,1.030872,1.031629,1.031966,1.03231,1.034286,1.036309,1.039278,1.04543,1.049129,1.049585,1.055487,1.063545,1.066982,1.072763,1.08136,1.08874,1.094889,1.100628,1.109796,1.113592,1.114335,1.124633,1.131452,1.149947,1.163453,1.176683,1.184951,1.207771,1.224171,1.238982,1.268299,1.290286,1.310557,1.326108,1.344461,1.359237,1.370591,1.382206,1.3918,1.400246,1.405985,1.408121,1.414114,1.411866,1.422194,1.417079,1.414949,1.421908,1.415438,1.411624,1.406398,1.414035,1.412087,1.408101,1.405861,1.408983,1.40373,1.399418,1.398364,1.397396,1.387248,1.387562,1.385372,1.376113,1.381501,1.367447,1.380318,1.377586,1.369609,1.365723,1.359219,1.366578,1.366016,1.359104,1.358494,1.36415,1.357757,1.350996,1.346348,1.350865,1.354275,1.349133,1.343312,1.335572,1.33741,1.336288,1.324333,1.344871,1.321192,1.311146,1.306777,1.301606,1.292379,1.303284,1.280562,1.294214,1.279557,1.272683,1.26589,1.272178,1.278321,1.261233,1.256277,1.233622,1.247981,1.254518,1.225648,1.238033,1.229789,1.204436,1.207525,1.156878,1.125809,1.139949,1.103677,1.106786,1.093114,1.053038,1.083786,1.22737,1.105274,1.1501
S6_3,23.5,1,15.4,1.064112,1.083009,1.069514,1.055799,1.081705,1.068119,1.075784,1.087708,1.074945,1.081528,1.062068,1.063952,1.05968,1.058289,1.056933,1.059652,1.059899,1.05585,1.059217,1.054612,1.054564,1.050736,1.050105,1.050543,1.048556,1.042165,1.045512,1.04029,1.041997,1.039044,1.039447,1.037804,1.032357,1.02731,1.028884,1.031019,1.024457,1.028385,1.028362,1.020842,1.026144,1.024343,1.018011,1.019341,1.015588,1.014971,1.012539,1.017446,1.015213,1.015439,1.011798,1.0151,1.010398,1.011469,1.0163,1.0115,1.017406,1.014313,1.016694,1.018327,1.021929,1.028744,1.029632,1.03287,1.03913,1.048707,1.050638,1.061271,1.066657,1.070697,1.071171,1.075234,1.079753,1.087082,1.090654,1.096761,1.099222,1.098991,1.101093,1.10458,1.103122,1.097607,1.092678,1.085231,1.074585,1.069294,1.065639,1.064471,1.058725,1.051693,1.052074,1.0453,1.042771,1.039266,1.038991,1.039222,1.040224,1.040049,1.03443,1.03388,1.031727,1.030868,1.030234,1.032127,1.028625,1.030046,1.026264,1.029467,1.031797,1.030632,1.035287,1.035513,1.037936,1.040793,1.044968,1.052096,1.057629,1.061409,1.069615,1.071912,1.081254,1.088657,1.092231,1.099707,1.101262,1.109195,1.115814,1.12317,1.134087,1.145301,1.158853,1.17634,1.189108,1.204119,1.223244,1.246401,1.265991,1.289576,1.314536,1.327963,1.341052,1.357445,1.363498,1.386925,1.3911,1.398871,1.410709,1.412337,1.407844,1.41222,1.410176,1.422624,1.416017,1.417118,1.414907,1.410546,1.413134,1.408963,1.41351,1.40403,1.40714,1.401347,1.398506,1.401188,1.390517,1.393393,1.387803,1.38726,1.375543,1.379453,1.368523,1.368556,1.369277,1.372504,1.372824,1.373441,1.36435,1.348045,1.358236,1.357204,1.360804,1.352656,1.360472,1.349588,1.350716,1.349773,1.34681,1.343948,1.349138,1.334352,1.328737,1.338654,1.328618,1.31662,1.309939,1.309948,1.299142,1.299391,1.294528,1.301508,1.292651,1.283712,1.279667,1.278233,1.290691,1.264235,1.245274,1.270639,1.235968,1.23137,1.24588,1.234787,1.251644,1.23539,1.223072,1.207704,1.179124,1.16791,1.142528,1.092456,1.130511,1.167242,1.097123,1.11839,1.052689,1.022916,1.005965,1.107778
S6_4,23,1,15,1.051116,1.061513,1.071313,1.054893,1.073333,1.087885,1.083014,1.079019,1.072011,1.071016,1.063704,1.070375,1.066551,1.059283,1.059415,1.046943,1.048245,1.055568,1.047649,1.047422,1.04519,1.048769,1.04632,1.047865,1.046464,1.050071,1.041309,1.038541,1.040615,1.034525,1.032775,1.030505,1.032142,1.029647,1.026092,1.028559,1.023516,1.0258,1.021505,1.025315,1.024196,1.019399,1.016435,1.017196,1.018671,1.017173,1.011563,1.013306,1.011539,1.012675,1.011654,1.01036,1.009284,1.009259,1.006187,1.009737,1.015057,1.009685,1.013658,1.016439,1.017831,1.022539,1.027276,1.027365,1.042167,1.050961,1.051739,1.050879,1.060965,1.064977,1.06611,1.073709,1.081523,1.085331,1.091829,1.092214,1.094716,1.097892,1.100534,1.098626,1.097489,1.091318,1.088845,1.078135,1.077322,1.066328,1.062295,1.059007,1.054313,1.051914,1.047006,1.044163,1.042797,1.038658,1.042447,1.039273,1.037163,1.036565,1.034262,1.033024,1.028271,1.031934,1.030937,1.029797,1.027685,1.027052,1.026118,1.029585,1.028494,1.028722,1.028424,1.033001,1.035708,1.042924,1.044931,1.04978,1.051679,1.06229,1.065823,1.07103,1.078986,1.082063,1.09213,1.098634,1.102719,1.109487,1.114254,1.124179,1.128965,1.147766,1.156953,1.174599,1.189318,1.202722,1.221146,1.240034,1.264682,1.281826,1.307206,1.318824,1.337605,1.353952,1.364099,1.382206,1.386372,1.397293,1.409702,1.406192,1.406122,1.410393,1.416163,1.411644,1.410442,1.412079,1.413239,1.413215,1.404735,1.403665,1.408613,1.406913,1.407014,1.401221,1.403241,1.399418,1.397207,1.393586,1.38243,1.383543,1.386657,1.381198,1.362781,1.398056,1.367512,1.369066,1.372069,1.361539,1.352947,1.353674,1.350499,1.351862,1.358004,1.355544,1.345572,1.349665,1.352943,1.348472,1.343903,1.341487,1.341734,1.343685,1.329052,1.320332,1.322607,1.31587,1.309272,1.308598,1.313766,1.296638,1.295857,1.288697,1.283407,1.271621,1.28222,1.267462,1.25639,1.263563,1.254124,1.250249,1.236262,1.242483,1.235568,1.235595,1.233131,1.225079,1.182669,1.198203,1.184364,1.172416,1.119339,1.103103,1.095119,1.067114,1.042199,1.005164,1.070017,1.081385,1.037726,1.087899
S6_5,23.3,1,15.2,1.07454,1.071732,1.058983,1.081055,1.076478,1.066362,1.078014,1.071591,1.0738,1.069419,1.062911,1.066316,1.063785,1.053186,1.057739,1.055662,1.057421,1.056203,1.052765,1.053225,1.055086,1.046374,1.048968,1.046135,1.047268,1.042784,1.039329,1.043535,1.041663,1.038984,1.03803,1.029746,1.032452,1.031446,1.033148,1.027531,1.028446,1.02755,1.024508,1.023346,1.019745,1.023007,1.021181,1.021594,1.017597,1.018823,1.016332,1.017287,1.013783,1.01429,1.011223,1.015076,1.014427,1.010593,1.014775,1.010265,1.009368,1.013912,1.011693,1.015087,1.019224,1.024255,1.029331,1.035204,1.04349,1.046949,1.057291,1.060263,1.064841,1.067853,1.073842,1.077688,1.077524,1.087383,1.089637,1.094696,1.098312,1.10008,1.096845,1.101417,1.100593,1.093496,1.094655,1.083472,1.077223,1.071218,1.08404,1.053032,1.057087,1.052936,1.048897,1.047417,1.045117,1.043914,1.042421,1.043591,1.036068,1.0334,1.03451,1.032858,1.031165,1.032353,1.030272,1.031535,1.027209,1.027968,1.025379,1.027747,1.028501,1.030487,1.031446,1.032631,1.041598,1.03931,1.045777,1.049548,1.054894,1.059267,1.065846,1.073719,1.079108,1.084593,1.093343,1.099286,1.105569,1.107781,1.11718,1.122449,1.131983,1.145291,1.159467,1.172505,1.189649,1.204085,1.223208,1.242096,1.268366,1.290727,1.307384,1.329403,1.342039,1.353049,1.364512,1.387598,1.381281,1.393653,1.407907,1.406481,1.416026,1.408631,1.406099,1.411684,1.407187,1.424882,1.415438,1.410871,1.414147,1.412352,1.411712,1.412568,1.409815,1.407962,1.4096,1.397762,1.391128,1.394122,1.392768,1.385709,1.394228,1.379475,1.373929,1.37111,1.369587,1.357342,1.372229,1.372343,1.368531,1.358469,1.366788,1.366985,1.366432,1.367065,1.355795,1.354831,1.349151,1.358695,1.34227,1.336743,1.340442,1.330967,1.338199,1.316776,1.315828,1.316951,1.317532,1.307032,1.30697,1.300693,1.2789,1.294576,1.283304,1.283392,1.275994,1.262193,1.277209,1.261278,1.262626,1.244066,1.249777,1.2397,1.235841,1.231191,1.230162,1.22323,1.225538,1.200386,1.175747,1.162128,1.128339,1.098719,1.10897,1.048401,1.096548,1.096827,1.110762,1.084983,1.093993,1.058255
S7_1,,1,17.5,1.207896,1.153843,1.148684,1.181679,1.16338,1.176055,1.174789,1.173853,1.178555,1.165679,1.173864,1.162972,1.152397,1.162528,1.157948,1.152936,1.149947,1.146652,1.152952,1.147544,1.146291,1.13867,1.141192,1.142573,1.141785,1.138982,1.144378,1.141238,1.137497,1.13076,1.133961,1.130445,1.13059,1.127732,1.12837,1.131148,1.127417,1.122397,1.120941,1.121558,1.119861,1.126537,1.12036,1.115222,1.114052,1.112246,1.116851,1.117852,1.115511,1.108098,1.111476,1.112567,1.111948,1.112479,1.117153,1.115233,1.118734,1.117057,1.116014,1.120604,1.126112,1.13187,1.134831,1.135273,1.146806,1.154171,1.154455,1.171357,1.179665,1.177777,1.185456,1.190837,1.191907,1.193576,1.203129,1.207921,1.212445,1.219863,1.220883,1.209152,1.209972,1.219476,1.202368,1.193395,1.187721,1.176726,1.175097,1.169305,1.164647,1.161631,1.158841,1.151621,1.147576,1.148132,1.146461,1.147436,1.143839,1.140915,1.144738,1.141446,1.140042,1.138982,1.140382,1.135351,1.138343,1.137675,1.135827,1.137346,1.137989,1.13827,1.143356,1.143609,1.149185,1.148886,1.153765,1.157425,1.163429,1.168715,1.177653,1.183213,1.189732,1.195853,1.197027,1.208008,1.215966,1.22363,1.22831,1.236355,1.241654,1.259418,1.272878,1.28471,1.303598,1.320432,1.335113,1.356147,1.382191,1.405665,1.424431,1.440278,1.460054,1.476505,1.491186,1.503344,1.505722,1.519243,1.527993,1.522668,1.536359,1.535606,1.536061,1.545984,1.533142,1.540986,1.552253,1.535674,1.538059,1.538204,1.532965,1.525462,1.538091,1.52413,1.523655,1.529544,1.519613,1.513956,1.521142,1.499002,1.500298,1.528101,1.510324,1.503003,1.495131,1.497074,1.483639,1.49494,1.482019,1.480707,1.490714,1.476066,1.479174,1.473269,1.475722,1.490485,1.470021,1.487461,1.470931,1.461987,1.468053,1.460028,1.464134,1.458239,1.451664,1.452494,1.426999,1.419232,1.432412,1.427155,1.416516,1.423018,1.428402,1.389,1.411348,1.393242,1.403275,1.37343,1.351766,1.376909,1.352145,1.386137,1.36554,1.377951,1.367135,1.379929,1.38176,1.314012,1.328047,1.296095,1.274073,1.269162,1.19376,1.183263,1.249423,1.235064,1.167615,1.255689,1.161722,1.117157
S7_2,25,1,18,1.177117,1.181138,1.185916,1.172289,1.186838,1.172576,1.178805,1.205162,1.180922,1.17176,1.172644,1.178102,1.168498,1.143405,1.153576,1.153465,1.157426,1.147521,1.147525,1.148376,1.144454,1.151392,1.15444,1.143635,1.142302,1.137583,1.138981,1.137956,1.133452,1.136698,1.131539,1.132301,1.125282,1.126705,1.129435,1.124471,1.12837,1.124796,1.126645,1.120237,1.120807,1.120275,1.118488,1.114613,1.113793,1.111866,1.111636,1.119315,1.11301,1.110112,1.117425,1.117765,1.113766,1.120311,1.114705,1.120364,1.113419,1.118312,1.119472,1.119006,1.125885,1.126367,1.134708,1.141922,1.145834,1.156422,1.162616,1.166673,1.176148,1.176634,1.177691,1.1865,1.191873,1.192356,1.203535,1.20625,1.21531,1.212239,1.214667,1.223998,1.213998,1.20305,1.201806,1.196638,1.185423,1.176439,1.172929,1.169044,1.160567,1.162971,1.15606,1.150726,1.148767,1.151562,1.149663,1.146873,1.141751,1.145099,1.142271,1.14169,1.141589,1.139616,1.134523,1.137212,1.133869,1.137627,1.138483,1.137036,1.135215,1.136585,1.140623,1.141973,1.147844,1.149452,1.155848,1.160734,1.165481,1.169794,1.171826,1.18048,1.188269,1.195693,1.202826,1.206192,1.213257,1.223342,1.226908,1.231855,1.247414,1.258097,1.267823,1.286072,1.302263,1.323261,1.337938,1.355984,1.389012,1.407504,1.420062,1.445941,1.460394,1.478194,1.487198,1.504295,1.512028,1.517682,1.52498,1.52651,1.534668,1.535554,1.534773,1.542642,1.542195,1.545559,1.54769,1.54206,1.543542,1.535717,1.528736,1.539323,1.532506,1.531714,1.51847,1.517539,1.509213,1.515571,1.529738,1.51166,1.509637,1.498158,1.509134,1.494744,1.501021,1.489714,1.496346,1.493489,1.491542,1.479967,1.497343,1.477488,1.475726,1.475027,1.477703,1.477501,1.461304,1.466674,1.459578,1.463754,1.474955,1.441333,1.456039,1.44201,1.445038,1.43816,1.43713,1.439865,1.430487,1.426066,1.413584,1.414864,1.407544,1.413834,1.389239,1.39166,1.410902,1.383619,1.38024,1.379123,1.385102,1.384597,1.384031,1.353796,1.343454,1.3406,1.359882,1.340622,1.316429,1.278567,1.305878,1.236302,1.265764,1.184999,1.208885,1.231968,1.210486,1.262885,1.388624,1.148921
S7_3,24,1,16.2,1.146706,1.18247,1.171204,1.16014,1.160719,1.176808,1.183398,1.186196,1.161579,1.186376,1.161814,1.158702,1.147586,1.143251,1.148204,1.148589,1.152992,1.142052,1.144265,1.153258,1.140356,1.142542,1.139037,1.134991,1.138334,1.140127,1.134463,1.139391,1.138052,1.133552,1.130939,1.124998,1.132976,1.127047,1.123571,1.118866,1.119819,1.121106,1.118755,1.124395,1.114275,1.116206,1.11597,1.119371,1.111516,1.120259,1.116008,1.115446,1.110766,1.120244,1.118359,1.111694,1.112338,1.108771,1.108402,1.11,1.112308,1.116415,1.124816,1.116968,1.127673,1.129764,1.132273,1.136687,1.148805,1.145923,1.155218,1.160671,1.16316,1.170782,1.178385,1.179136,1.193052,1.194664,1.207342,1.208209,1.209381,1.213054,1.212248,1.212382,1.210402,1.208129,1.207384,1.189987,1.183504,1.182543,1.170945,1.163941,1.165511,1.158927,1.152988,1.152354,1.155637,1.148031,1.147339,1.145877,1.14281,1.144554,1.141963,1.142179,1.137791,1.142772,1.139084,1.136951,1.13867,1.133012,1.137271,1.140157,1.134294,1.138177,1.143093,1.145157,1.150312,1.150758,1.152594,1.155555,1.16376,1.165445,1.169805,1.182105,1.187644,1.196161,1.199303,1.207986,1.213582,1.22355,1.228626,1.23432,1.240726,1.261013,1.271894,1.287093,1.300688,1.315541,1.334802,1.356065,1.384858,1.401752,1.423771,1.4384,1.458589,1.473961,1.484446,1.504153,1.513418,1.51362,1.518272,1.528343,1.526386,1.535737,1.536192,1.535189,1.545418,1.532699,1.532168,1.536814,1.537565,1.535083,1.53479,1.534998,1.528405,1.531206,1.530866,1.515311,1.519216,1.522781,1.509931,1.499951,1.507586,1.502704,1.509342,1.496553,1.489991,1.491461,1.483846,1.502397,1.491106,1.489213,1.481757,1.474586,1.482519,1.482859,1.466836,1.468708,1.47164,1.468243,1.476575,1.465999,1.462521,1.461772,1.448771,1.465902,1.44559,1.44231,1.434818,1.420367,1.417414,1.418222,1.42195,1.409393,1.406538,1.407361,1.395937,1.412117,1.397797,1.40529,1.405341,1.377849,1.383685,1.393917,1.352304,1.3812,1.387905,1.35982,1.357418,1.329162,1.318929,1.295197,1.259146,1.246909,1.192951,1.219544,1.155382,1.244732,1.267858,1.221393,1.232223,1.214432
S7_4,24.5,1,17.4,1.141498,1.189752,1.177202,1.19169,1.158309,1.193715,1.177446,1.176928,1.170872,1.170664,1.160723,1.152934,1.15793,1.151707,1.153325,1.162597,1.14586,1.149134,1.145882,1.151418,1.151232,1.145515,1.142159,1.137927,1.136569,1.13874,1.138475,1.13311,1.135348,1.129259,1.131569,1.125057,1.128173,1.134567,1.12653,1.121023,1.122158,1.125689,1.12588,1.122197,1.118796,1.113243,1.120745,1.11684,1.117401,1.113218,1.11587,1.111823,1.1149,1.107319,1.110016,1.106286,1.117076,1.110896,1.10985,1.110311,1.116322,1.12127,1.113867,1.116167,1.125311,1.124723,1.126916,1.138137,1.137547,1.145423,1.157595,1.166592,1.171918,1.178391,1.18159,1.187069,1.188305,1.194698,1.202774,1.207617,1.213629,1.209029,1.213184,1.219146,1.209496,1.208676,1.207907,1.194469,1.180669,1.181672,1.170108,1.165489,1.162634,1.160431,1.155153,1.147834,1.150167,1.148243,1.144874,1.146938,1.143606,1.146874,1.141644,1.142057,1.136944,1.137411,1.137047,1.136449,1.133081,1.136856,1.134322,1.138231,1.136931,1.141744,1.141501,1.142085,1.145905,1.151507,1.151824,1.161286,1.165941,1.171631,1.177188,1.177855,1.187582,1.195938,1.203575,1.204679,1.214761,1.219707,1.230304,1.23758,1.247166,1.259752,1.275722,1.283545,1.300974,1.316417,1.334227,1.353566,1.380812,1.407951,1.424762,1.441251,1.459799,1.469311,1.479532,1.504486,1.514445,1.517459,1.521889,1.525597,1.530584,1.536339,1.52397,1.536961,1.536139,1.537104,1.539901,1.542748,1.534989,1.533765,1.529146,1.544119,1.527739,1.527863,1.527996,1.512817,1.514088,1.513589,1.513569,1.517358,1.503655,1.504559,1.504701,1.509008,1.492274,1.483641,1.496103,1.485394,1.485354,1.482748,1.492612,1.484541,1.46614,1.46852,1.468216,1.480633,1.475663,1.467126,1.472371,1.474025,1.447194,1.46143,1.451003,1.458239,1.457216,1.432321,1.440396,1.434761,1.419698,1.413253,1.409677,1.416628,1.416561,1.401635,1.412498,1.413257,1.40024,1.380351,1.377888,1.360018,1.382566,1.380863,1.385635,1.361487,1.370596,1.345054,1.335075,1.323161,1.324478,1.301157,1.263551,1.263775,1.170906,1.25197,1.254147,1.149241,1.257754,1.174549,1.158651,1.200515
S7_5,24.2,1,17,1.188242,1.139887,1.184963,1.20676,1.180005,1.179509,1.19023,1.173077,1.166986,1.17325,1.169494,1.15948,1.157234,1.149903,1.155491,1.147877,1.150427,1.146978,1.14494,1.148554,1.14453,1.142706,1.147311,1.143858,1.146391,1.139884,1.138427,1.132602,1.135348,1.131468,1.130504,1.136189,1.127475,1.128911,1.121943,1.123398,1.125922,1.127588,1.117539,1.126651,1.113689,1.117147,1.117846,1.116076,1.11691,1.117315,1.110274,1.117345,1.113238,1.112573,1.110964,1.115105,1.108945,1.106832,1.112703,1.109764,1.117624,1.117848,1.121677,1.123307,1.123638,1.122951,1.134969,1.138771,1.150496,1.151378,1.155935,1.164512,1.169998,1.178159,1.176965,1.18052,1.18894,1.195369,1.204704,1.209803,1.214104,1.21327,1.210267,1.210538,1.220612,1.204411,1.203647,1.19441,1.179356,1.177204,1.174842,1.166537,1.165702,1.160789,1.155403,1.15296,1.150497,1.148053,1.148362,1.147393,1.145212,1.142038,1.142879,1.139944,1.13951,1.138349,1.135993,1.137279,1.137422,1.138562,1.135394,1.133536,1.138955,1.140871,1.141613,1.144734,1.151557,1.14705,1.155168,1.155804,1.164512,1.166781,1.172195,1.181839,1.188822,1.191332,1.200532,1.206203,1.21609,1.222445,1.227772,1.237328,1.241361,1.258071,1.273731,1.282491,1.301389,1.313234,1.340718,1.357329,1.382419,1.402745,1.423732,1.443529,1.464264,1.476372,1.485717,1.496927,1.510158,1.520859,1.529647,1.533189,1.53485,1.538889,1.534275,1.550581,1.538273,1.545641,1.538815,1.540003,1.536247,1.536793,1.53565,1.528921,1.535685,1.526634,1.539797,1.52452,1.52737,1.518475,1.514198,1.511372,1.524243,1.510112,1.500634,1.488932,1.503243,1.504347,1.488152,1.482559,1.479739,1.479136,1.503777,1.471078,1.481802,1.477316,1.486474,1.477124,1.477689,1.470942,1.451735,1.475174,1.47096,1.468894,1.474019,1.444188,1.443623,1.446096,1.4441,1.423624,1.435639,1.425197,1.426328,1.433067,1.427155,1.394102,1.407964,1.386559,1.393361,1.383411,1.407391,1.360497,1.357772,1.387434,1.383391,1.361424,1.355462,1.364689,1.365609,1.3336,1.326344,1.277102,1.281232,1.245159,1.223542,1.18718,1.209444,1.220955,1.275672,1.276521,1.223054,1.183193
